rank,merchant_abn,merchant_name,segment,segment_rank,category,category_label,revenue_level,take_rate,forecast_sales_12m,forecast_revenue_12m,forecast_fraud_rate,forecast_fraud_12m,expected_profit_12m,confidence,recommendation,not_recommended_because,transactions_12m,customers_12m,mean_order,first_transaction,limited_history,days_since_last,max_merchant_fraud_probability
1,32361057556,Orci In Consequat Corporation,"Hobbies, Arts & Gifts",1,"gift, card, novelty, and souvenir shops",Gifts & souvenirs,a,6.61,7269612.360926407,480521.3770572355,0.0012836012615489484,9331.283597456966,471190.0934597785,high,top 100,,55375.0,21629,109.41082211155305,2021-02-28,False,0,
2,86578477987,Leo In Consulting,Fashion & Personal Care,1,"watch, clock, and jewelry repair shops",Watch & jewellery repair,a,6.43,7296785.871616624,469183.3315449489,0.0011276158184323104,8227.9711725483,460955.36037240055,high,top 100,,175625.0,24071,34.58353977847254,2021-02-28,False,0,
3,45629217853,Lacus Consulting,"Hobbies, Arts & Gifts",2,"gift, card, novelty, and souvenir shops",Gifts & souvenirs,a,6.98,6204253.690795027,433056.9076174929,0.0010977290090989958,6810.589256195212,426246.3183612976,high,top 100,,146639.0,24027,35.189715048083244,2021-02-28,False,0,
4,64403598239,Lobortis Ultrices Company,"Hobbies, Arts & Gifts",3,"music shops - musical instruments, pianos, and sheet music",Music shops,a,6.31,6878939.163757676,434061.0612331093,0.0012342201780112267,8490.125519221398,425570.93571388785,high,top 100,,73211.0,22940,78.15180848087616,2021-02-28,False,0,
5,96680767841,Ornare Limited,Outdoor & Auto,1,motor vehicle supplies and new parts,Motor vehicle parts,a,5.91,7611304.926906249,449828.1211801593,0.003456275621212269,26306.7676644789,423521.35351568036,high,top 100,,20242.0,13715,312.53384089788943,2021-02-28,False,0,0.29555244690425014
6,21439773999,Mauris Non Institute,Technology & Media,1,"cable, satellite, and other pay television and radio services",Pay TV & radio,a,6.1,7201303.596586774,439279.5193917932,0.0029461805300576467,21216.34044729806,418063.1789444951,high,top 100,,77505.0,23137,77.23072906857074,2021-02-28,False,0,0.28504479048104586
7,48534649627,Dignissim Maecenas Foundation,Fashion & Personal Care,2,"opticians, optical goods, and eyeglasses",Opticians,a,6.64,6938985.488353077,460748.63642664434,0.006456516442338402,44801.673898699206,415946.9625279452,high,top 100,,42635.0,20026,135.1755447894604,2021-02-28,False,0,0.2900590700983104
8,89726005175,Est Nunc Consulting,Outdoor & Auto,2,tent and awning shops,Tents & awnings,a,6.01,6884324.41112384,413747.8971085428,0.001239194991774959,8531.020332018756,405216.87677652406,high,top 100,,139631.0,24000,41.033699960508585,2021-02-28,False,0,
9,63123845164,Odio Phasellus Institute,"Hobbies, Arts & Gifts",4,artist supply and craft shops,Artist supply & craft,a,6.59,6662992.581071896,439091.2110926379,0.007850593715466956,52308.44768316598,386782.7634094719,high,top 100,,7395.0,6366,748.40151367181,2021-02-28,False,0,
10,49322182190,Gravida Mauris Incorporated,Fashion & Personal Care,3,"watch, clock, and jewelry repair shops",Watch & jewellery repair,a,6.35,6122448.54286573,388775.4824719738,0.0013321968938161605,8156.306931355003,380619.17554061883,high,top 100,,33598.0,18157,151.3396933662657,2021-02-28,False,0,
11,94493496784,Dictum Phasellus In Institute,"Hobbies, Arts & Gifts",5,"gift, card, novelty, and souvenir shops",Gifts & souvenirs,a,5.65,7023194.876468489,396810.51052046963,0.003138098333511533,22039.4761377725,374771.03438269714,high,top 100,,64040.0,22389,91.17123861490252,2021-02-28,False,0,0.3057903215900633
12,79417999332,Phasellus At Company,"Hobbies, Arts & Gifts",6,"gift, card, novelty, and souvenir shops",Gifts & souvenirs,b,4.95,7038249.388363221,348393.3447239795,0.0012726588085030792,8957.290080541863,339436.0546434376,high,top 100,,63951.0,22452,91.38011376491116,2021-02-28,False,0,
13,72472909171,Nullam Consulting,Technology & Media,2,"digital goods: books, movies, music",Digital goods,a,6.33,5447287.307088601,344813.2865387085,0.0011092267010858773,6042.276529508862,338771.0100091996,high,top 100,,65565.0,22511,69.3210921256178,2021-02-28,False,0,
14,67978471888,Magna Malesuada Corp.,"Hobbies, Arts & Gifts",7,artist supply and craft shops,Artist supply & craft,a,5.56,6259516.682973306,348029.1275733158,0.0017368642089368351,10871.930491899353,337157.19708141644,high,top 100,,8006.0,6791,648.7893835957352,2021-02-28,False,0,
15,35909341340,Arcu Sed Eu Incorporated,Technology & Media,3,"computer programming, data processing, and integrated systems design services",IT services,b,4.8,7316511.1089093555,351192.53322764905,0.0032822908013446146,24014.917110708862,327177.6161169403,high,top 100,,24533.0,15394,248.4767512226401,2021-02-28,False,0,0.2913305311007307
16,40515428545,Elit Sed Consequat Associates,"Hobbies, Arts & Gifts",8,artist supply and craft shops,Artist supply & craft,a,5.89,5920149.861439054,348696.82683876023,0.004907149395760705,29051.059815373475,319645.7670233867,high,top 100,,8361.0,7035,590.6724800390517,2021-02-28,False,0,
17,45433476494,Adipiscing Elit Foundation,Technology & Media,4,"computers, computer peripheral equipment, and software",Computers & software,a,5.82,5596055.299905862,325690.41845452116,0.0016050227085736824,8981.795834783017,316708.62261973816,high,top 100,,10311.0,8318,451.42762537817873,2021-02-28,False,0,
18,49891706470,Non Vestibulum Industries,Outdoor & Auto,3,tent and awning shops,Tents & awnings,a,5.8,5573335.071206226,323253.43412996107,0.0011771983456637892,6560.920825653946,316692.5133043072,high,top 100,,159962.0,24056,28.97309500328923,2021-02-28,False,0,
19,76767266140,Phasellus At Limited,Home & Garden,1,"furniture, home furnishings and equipment shops, and manufacturers, except appliances",Furniture,b,4.65,7198696.96822434,334739.4090224319,0.003309259803014647,23822.35851102822,310917.05051140365,high,top 100,,28052.0,16578,213.1830566043637,2021-02-28,False,0,0.29539733207182706
20,98973094975,Ornare Fusce Inc.,"Hobbies, Arts & Gifts",9,"hobby, toy and game shops","Hobby, toys & games",a,5.98,5271696.769146833,315247.46679498063,0.0012727932280470913,6709.779948087819,308537.6868468928,high,top 100,,35256.0,18532,124.1387263610455,2021-02-28,False,0,
21,43186523025,Lorem Ipsum Sodales Industries,Home & Garden,2,"florists supplies, nursery stock, and flowers",Florists,b,4.47,6985569.409097544,312254.9525866602,0.0011544974029219022,8064.821740733802,304190.13084592635,high,top 100,,129540.0,23972,44.74862840148287,2021-02-28,False,0,
22,58454491168,Diam At Foundation,Technology & Media,5,"computer programming, data processing, and integrated systems design services",IT services,a,6.01,5116880.2131082,307524.5008078028,0.001263545016942107,6465.408495562532,301059.0923122402,high,top 100,,17183.0,12310,248.73684085508796,2021-02-28,False,0,
23,60956456424,Ultricies Dignissim LLP,"Hobbies, Arts & Gifts",10,"gift, card, novelty, and souvenir shops",Gifts & souvenirs,b,4.69,6254636.512853208,293342.4524528155,0.001177985527636108,7367.871292765453,285974.58116005,high,top 100,,58822.0,21939,88.49535001929823,2021-02-28,False,0,
24,13514558491,Magna Praesent PC,Outdoor & Auto,4,motor vehicle supplies and new parts,Motor vehicle parts,a,6.78,4273413.650292854,289737.4454898555,0.0015858646823353065,6777.0557810090395,282960.38970884646,high,top 100,,11395.0,9112,311.2022740251477,2021-02-28,False,0,
25,94690988633,Eu Placerat LLC,Technology & Media,6,"computers, computer peripheral equipment, and software",Computers & software,a,6.16,4654910.774269909,286742.5036950264,0.0013976589898815474,6505.9778907548125,280236.5258042716,high,top 100,,19973.0,13567,194.3586815213301,2021-02-28,False,0,
26,49212265466,Auctor Company,Home & Garden,3,"florists supplies, nursery stock, and flowers",Florists,b,4.5,6202671.6233051075,279120.2230487298,0.0014540892755339411,9019.238287106658,270100.98476162314,high,top 100,,23162.0,14856,221.12711029422957,2021-02-28,False,0,
27,34179569263,Sodales At LLC,"Hobbies, Arts & Gifts",11,"music shops - musical instruments, pianos, and sheet music",Music shops,b,4.72,5749282.201463518,271366.11990907806,0.0022968324739646327,13205.13806230828,258160.98184676972,high,top 100,,14766.0,11012,323.0925640020811,2021-02-28,False,0,
28,57757792876,Pretium Et LLC,"Hobbies, Arts & Gifts",12,"stationery, office supplies and printing and writing paper",Stationery & office,a,5.53,4936307.86800646,272977.82510075724,0.0040200317587485036,19844.114400346087,253133.71070041115,high,top 100,,6652.0,5803,617.8920536843507,2021-02-28,False,0,
29,49505931725,Suspendisse Ac Associates,Technology & Media,7,"digital goods: books, movies, music",Digital goods,b,4.7,5522549.553461863,259559.82901270755,0.0011689818231801772,6455.760045608721,253104.06896709884,high,top 100,,43864.0,20261,104.61715484071868,2021-02-28,False,0,
30,67400260923,Eleifend PC,Technology & Media,8,"computer programming, data processing, and integrated systems design services",IT services,a,5.97,4261600.407644342,254417.54433636717,0.001335812489720178,5692.699050727914,248724.84528563925,high,top 100,,24034.0,15128,146.76500104577548,2021-02-28,False,0,
31,21772962346,Purus Gravida Sagittis Ltd,Home & Garden,4,"florists supplies, nursery stock, and flowers",Florists,a,6.63,3769514.1741150925,249918.78974383062,0.001334299172287416,5029.659642447451,244889.13010138317,high,top 100,,21593.0,14260,145.1323663803415,2021-02-28,False,0,
32,49549583265,Luctus Et Incorporated,Outdoor & Auto,5,tent and awning shops,Tents & awnings,a,5.69,5182716.851555118,294896.58885348623,0.009731176832534456,50433.934155439085,244462.6546980472,high,top 100,,6479.0,5672,664.0543811878631,2021-02-28,False,0,
33,42355028515,Eu Inc.,Home & Garden,5,"lawn and garden supply outlets, including nurseries",Lawn & garden,a,5.97,4129753.71755156,246546.29693782813,0.0012553637764321614,5184.343222600284,241361.95371522784,high,top 100,,22118.0,14439,155.74073775189612,2021-02-28,False,0,
34,68559320474,Aliquam Auctor Associates,"Hobbies, Arts & Gifts",13,"antique shops - sales, repairs, and restoration services",Antiques,b,4.2,5939827.584330514,249472.7585418816,0.0013963906753694385,8294.319852061308,241178.4386898203,high,top 100,,22979.0,14785,214.6663566484225,2021-02-28,False,0,
35,27326652377,Tellus Aenean Corporation,"Hobbies, Arts & Gifts",14,"music shops - musical instruments, pianos, and sheet music",Music shops,a,6.33,5108807.574479823,323387.51946457283,0.017452532094486092,89161.62815816276,234225.89130641005,high,top 100,,4178.0,3845,1009.876383682333,2021-02-28,False,0,
36,81219314324,Faucibus Leo Ltd,"Hobbies, Arts & Gifts",15,"gift, card, novelty, and souvenir shops",Gifts & souvenirs,a,6.35,3461175.11408708,219784.61974452957,0.0011624062089075655,4023.291442731173,215761.3283017984,high,top 100,,32606.0,17866,88.53885784539222,2021-02-28,False,0,
37,35223308778,Euismod In Corp.,"Hobbies, Arts & Gifts",16,"books, periodicals, and newspapers",Books & newspapers,b,4.19,5333900.731645205,223490.4406559341,0.0014520953417278156,7745.33240566059,215745.1082502735,high,top 100,,28650.0,16747,154.27639871936066,2021-02-28,False,0,
38,71759376949,Pharetra Corp.,"Hobbies, Arts & Gifts",17,"music shops - musical instruments, pianos, and sheet music",Music shops,a,6.31,3831360.676884559,241758.85871141564,0.007179990251858828,27509.132311386373,214249.72640002926,high,top 100,,4764.0,4344,663.3161328036582,2021-02-28,False,0,
39,34096466752,Nullam Enim Ltd,Technology & Media,9,"computers, computer peripheral equipment, and software",Computers & software,b,3.22,7087922.534785576,228231.1056200956,0.002230494546733679,15809.572561509984,212421.53305858557,high,top 100,,11928.0,9367,496.2999333964682,2021-02-28,False,0,
40,76314317957,Semper Corp.,Home & Garden,6,"florists supplies, nursery stock, and flowers",Florists,a,5.93,3644617.524435581,216125.81919902994,0.0012470510506476025,4545.024113056055,211580.7950859739,high,top 100,,21257.0,14133,142.56074329499702,2021-02-28,False,0,
41,80518954462,Neque Sed Dictum Incorporated,Technology & Media,10,"computers, computer peripheral equipment, and software",Computers & software,b,3.49,6739530.084611027,235209.59995292485,0.0035248495094767304,23755.829312844846,211453.77064007995,high,top 100,,19144.0,13255,294.06913783118983,2021-02-28,False,0,0.3002429183092451
42,38090089066,Interdum Feugiat Sed Inc.,Home & Garden,7,"furniture, home furnishings and equipment shops, and manufacturers, except appliances",Furniture,b,3.24,6807819.245480105,220573.34355355543,0.0014741981383147708,10036.074457670238,210537.26909588525,high,top 100,,33372.0,18079,169.52139451221123,2021-02-28,False,0,
43,63290521567,Vehicula Pellentesque Corporation,"Hobbies, Arts & Gifts",18,artist supply and craft shops,Artist supply & craft,a,6.48,3260911.105084755,211307.03960949212,0.0012176413282393244,3970.6201292657643,207336.41948022638,high,top 100,,116886.0,23876,23.114454468961707,2021-02-28,False,0,
44,38700038932,Etiam Bibendum Industries,Outdoor & Auto,6,tent and awning shops,Tents & awnings,a,6.31,7409790.099638108,467557.7552871646,0.03559119062931177,263723.25195940695,203834.50332775753,high,top 100,,4615.0,4188,1331.655434757083,2021-02-28,False,0,
45,99291944648,Rutrum Magna Cras LLC,"Hobbies, Arts & Gifts",19,"books, periodicals, and newspapers",Books & newspapers,b,3.73,5767177.338351665,215115.7147205171,0.0020392012155467285,11760.435038640262,203355.27968187683,high,top 100,,9931.0,8090,483.9469895032024,2021-02-28,False,0,
46,93558142492,Dolor Quisque Inc.,Fashion & Personal Care,4,shoe shops,Shoe shops,b,3.41,6778348.110501777,231141.6705681106,0.0041824611620180875,28350.177714812373,202791.49285329823,high,top 100,,14039.0,10631,401.70461203729656,2021-02-28,False,0,0.31343502316867783
47,22033359776,Suspendisse Non Leo PC,Outdoor & Auto,7,motor vehicle supplies and new parts,Motor vehicle parts,b,3.1,6833623.414742571,211842.32585701972,0.0014646754725008036,10009.04060388063,201833.28525313907,high,top 100,,15073.0,11271,375.9018915246098,2021-02-28,False,0,
48,11439466003,Blandit At LLC,Fashion & Personal Care,5,shoe shops,Shoe shops,a,5.71,3566517.6568356855,203648.15820531762,0.001310551634568385,4674.105544883014,198974.05266043462,high,top 100,,19168.0,13202,155.61750336357605,2021-02-28,False,0,
49,24852446429,Erat Vitae LLP,Home & Garden,8,"florists supplies, nursery stock, and flowers",Florists,c,2.94,6668765.061445329,196061.69280649268,0.0011489226130465054,7661.894980189007,188399.79782630366,high,top 100,,186608.0,24071,29.695171992339166,2021-02-28,False,0,
50,95574756848,At Pede Inc.,Fashion & Personal Care,6,"opticians, optical goods, and eyeglasses",Opticians,a,6.15,3085889.5593854547,189782.20790220547,0.0018634059770727325,5750.265049545197,184031.94285266032,high,top 100,,7326.0,6302,353.9071930069328,2021-02-28,False,0,
51,77590625261,Sed Diam Foundation,Technology & Media,11,"computer programming, data processing, and integrated systems design services",IT services,b,3.24,5904198.639086874,191296.03590641473,0.0014783180112496875,8728.28319015802,182567.75271625674,high,top 100,,16298.0,11803,300.83188249382846,2021-02-28,False,0,
52,32709545238,Tempor Est Foundation,"Hobbies, Arts & Gifts",20,"stationery, office supplies and printing and writing paper",Stationery & office,c,3.04,7482181.89211403,227458.3295202665,0.0062537098085642335,46791.39428817521,180666.93523209132,high,top 100,,8325.0,7052,747.7681007083086,2021-02-28,False,0,
53,90543168331,Phasellus Dapibus Incorporated,Home & Garden,9,"furniture, home furnishings and equipment shops, and manufacturers, except appliances",Furniture,c,2.68,6978760.529884725,187030.78220091065,0.0014596362731830361,10186.45201127781,176844.33018963283,high,top 100,,22586.0,14750,255.9241015672321,2021-02-28,False,0,
54,21359184622,Sit Amet PC,Outdoor & Auto,8,motor vehicle supplies and new parts,Motor vehicle parts,b,3.6,5035108.1586097665,181263.8937099516,0.001377031636621232,6933.503228215324,174330.39048173628,high,top 100,,13405.0,10262,312.2545910879887,2021-02-28,False,0,
55,98072939449,Mattis Velit Justo Ltd,"Hobbies, Arts & Gifts",21,artist supply and craft shops,Artist supply & craft,a,6.89,2702858.891157378,186226.97760074332,0.0050782668710988715,13725.838764219543,172501.1388365238,high,top 100,,3781.0,3479,596.2325693424815,2021-02-28,False,0,
56,99976658299,Sociosqu Corp.,Fashion & Personal Care,7,shoe shops,Shoe shops,a,6.57,2668799.2975873537,175340.11385148915,0.001322117488176413,3528.4662237731673,171811.64762771595,high,top 100,,14905.0,11142,148.82214266551156,2021-02-28,False,0,
57,62224020443,Hendrerit A Corporation,Fashion & Personal Care,8,"watch, clock, and jewelry repair shops",Watch & jewellery repair,a,6.64,2615917.7481299597,173696.93847582932,0.001516779308044805,3967.7699119106846,169729.16856391868,high,top 100,,12642.0,9813,172.9511018533514,2021-02-28,False,0,
58,64203420245,Pede Nonummy Corp.,Outdoor & Auto,9,tent and awning shops,Tents & awnings,c,2.86,5871807.055706956,167933.68179321897,0.001161335642909397,6819.138822079372,161114.5429711396,high,top 100,,168544.0,24058,28.94947937040032,2021-02-28,False,0,
59,26169574842,Dolor Dolor Industries,"Hobbies, Arts & Gifts",22,"books, periodicals, and newspapers",Books & newspapers,a,6.58,2469771.249546071,162510.94822013148,0.001993659332732326,4923.882501371503,157587.06571876,high,top 100,,6322.0,5551,324.4490270473404,2021-02-28,False,0,
60,77338620996,Fames Ac Turpis LLC,Technology & Media,12,"computers, computer peripheral equipment, and software",Computers & software,b,3.59,4711444.094731023,169140.8430008437,0.002504962746578216,11801.991939887139,157338.85106095657,high,top 100,,7901.0,6716,496.40389641158697,2021-02-28,False,0,
61,81761494572,Nulla Facilisis Institute,Fashion & Personal Care,9,"watch, clock, and jewelry repair shops",Watch & jewellery repair,a,6.82,2319141.8634927636,158165.47509020648,0.001232418053589265,2858.1523014031327,155307.3227888033,high,top 100,,16911.0,12117,114.03464081986297,2021-02-28,False,0,
62,68216911708,Placerat Eget Venenatis Limited,Technology & Media,13,"computers, computer peripheral equipment, and software",Computers & software,c,3.05,5284373.277761504,161173.38497172587,0.0011452453600248637,6051.903976995743,155121.4809947301,high,top 100,,116234.0,23895,37.797516516859446,2021-02-28,False,0,
63,17488304283,Posuere Cubilia Curae Corporation,Technology & Media,14,"cable, satellite, and other pay television and radio services",Pay TV & radio,a,6.18,2564024.846896376,158456.73553819602,0.0014287686952884687,3663.398435187351,154793.33710300867,high,top 100,,21904.0,14369,97.21011006626001,2021-02-28,False,0,
64,70033549200,Mus Proin LLP,Outdoor & Auto,10,tent and awning shops,Tents & awnings,b,4.78,4254225.56077358,203351.98180497714,0.011788308478198728,50150.12324623694,153201.85855874023,high,top 100,,5252.0,4718,673.5775336245457,2021-02-28,False,0,
65,76819856970,Egestas Blandit Ltd,Outdoor & Auto,11,tent and awning shops,Tents & awnings,b,3.19,5454968.081497688,174013.48179977626,0.004214889234245772,22992.08623985892,151021.39555991732,high,top 100,,10583.0,8544,431.61375686805377,2021-02-28,False,0,
66,22227727512,Malesuada Integer Id Foundation,Outdoor & Auto,12,motor vehicle supplies and new parts,Motor vehicle parts,b,5.03,3073243.8541458454,154584.16586353604,0.00193746471436125,5954.301526035147,148629.86433750088,high,top 100,,10315.0,8435,249.06358709278135,2021-02-28,False,0,
67,27093785141,Placerat Orci Institute,"Hobbies, Arts & Gifts",23,"stationery, office supplies and printing and writing paper",Stationery & office,c,2.73,7394804.475522905,201878.16218177532,0.007287066040838873,53886.42857222627,147991.73360954903,high,top 100,,16691.0,12047,368.40193183967875,2021-02-28,False,0,0.29539473036230746
68,46012371285,A Ultricies Inc.,"Hobbies, Arts & Gifts",24,"books, periodicals, and newspapers",Books & newspapers,b,4.87,3134159.1277685403,152633.5495223279,0.0018616688662579275,5834.766470064794,146798.7830522631,high,top 100,,5314.0,4742,487.5722892457996,2021-02-28,False,0,
69,46804135891,Suspendisse Dui Corporation,Fashion & Personal Care,10,"opticians, optical goods, and eyeglasses",Opticians,c,2.93,5189762.815126451,152060.050483205,0.0011664069863325896,6053.37560497258,146006.6748782324,high,top 100,,150394.0,24026,28.688475418666034,2021-02-28,False,0,
70,88699453206,Sed Nec Inc.,Fashion & Personal Care,11,health and beauty spas,Health & beauty spas,b,3.53,4341718.535479972,153262.664302443,0.0020436208967459604,8872.826726896139,144389.83757554687,high,top 100,,7618.0,6503,476.24578356053786,2021-02-28,False,0,
71,80551528183,Ac Ipsum LLC,Outdoor & Auto,13,tent and awning shops,Tents & awnings,b,4.81,6769219.589722297,325599.4622656425,0.02682438641862097,181580.1620272098,144019.30023843268,high,top 100,,5078.0,4570,1117.9023614152193,2021-02-28,False,0,
72,52594457116,Vel Turpis Aliquam Company,Outdoor & Auto,14,bicycle shops - sales and service,Bicycle shops,a,5.51,2917194.2788755773,160737.4047660443,0.005759170771901499,16800.620026858498,143936.7847391858,high,top 100,,4964.0,4462,487.52608447066086,2021-02-28,False,0,
73,25732256442,Malesuada Vel Associates,"Hobbies, Arts & Gifts",25,"books, periodicals, and newspapers",Books & newspapers,a,5.79,2529117.1515478226,146435.88307461893,0.0015265517938254734,3860.8283244901004,142575.05475012882,high,top 100,,8874.0,7464,238.30540164957034,2021-02-28,False,0,
74,23338656015,Iaculis LLC,Fashion & Personal Care,12,"watch, clock, and jewelry repair shops",Watch & jewellery repair,b,3.25,4434590.887843486,144124.2038549133,0.0013128028407987853,5821.743515341335,138302.46033957196,high,top 100,,25579.0,15768,143.73125888428547,2021-02-28,False,0,
75,90568944804,Diam Eu Dolor LLC,Outdoor & Auto,15,tent and awning shops,Tents & awnings,b,4.1,7472854.230241497,306387.02343990136,0.02296463884163396,171611.39851367252,134775.62492622883,high,top 100,,6961.0,6039,886.1430754575304,2021-02-28,False,0,0.33172494688960436
76,46298404088,Feugiat Sed Nec Institute,"Hobbies, Arts & Gifts",26,"books, periodicals, and newspapers",Books & newspapers,a,6.16,2077753.5586247745,127989.6192112861,0.0012316373326852743,2559.038850921954,125430.58036036415,high,top 100,,26865.0,16179,64.28553259291358,2021-02-28,False,0,
77,88358066529,Pede Cras Vulputate Consulting,Fashion & Personal Care,13,health and beauty spas,Health & beauty spas,a,6.2,2029006.817128492,125798.42266196651,0.001598189006144087,3242.736388526162,122555.68627344035,high,top 100,,3276.0,3066,513.6689563372111,2021-02-28,False,0,
78,94455880010,Nunc Sit LLC,Technology & Media,15,"computer programming, data processing, and integrated systems design services",IT services,a,6.33,1954408.5161670488,123714.0590733742,0.0013791734127483635,2695.468263146574,121018.5908102276,high,top 100,,16870.0,12125,96.72862479728981,2021-02-28,False,0,
79,29639699851,Sodales Elit Erat Corporation,Home & Garden,10,"lawn and garden supply outlets, including nurseries",Lawn & garden,a,6.21,1943875.3937500615,120714.66195187882,0.0017435270919182728,3389.1994123165323,117325.46253956229,high,top 100,,6034.0,5350,267.38071222192394,2021-02-28,False,0,
80,89022158521,Sollicitudin Adipiscing Ltd,"Hobbies, Arts & Gifts",27,"hobby, toy and game shops","Hobby, toys & games",b,4.41,4490058.696078716,198011.58849707138,0.01892500592684136,84974.38743515528,113037.2010619161,high,top 100,,5559.0,4962,675.0933121185886,2021-02-28,False,0,
81,90173050473,Lobortis Class Industries,Home & Garden,11,"lawn and garden supply outlets, including nurseries",Lawn & garden,c,2.49,4642925.6686374955,115608.84914907365,0.0013796212463578492,6405.478897712512,109203.37025136114,high,top 100,,16233.0,11794,237.82951166741455,2021-02-28,False,0,
82,61080648284,Lobortis Ultrices LLC,"Hobbies, Arts & Gifts",28,artist supply and craft shops,Artist supply & craft,a,6.5,1784984.8220029809,116024.01343019375,0.004463287051987752,7966.899644040566,108057.11378615319,high,top 100,,2553.0,2419,590.795961288107,2021-02-28,False,0,
83,63817709749,A Felis Ullamcorper Industries,"Hobbies, Arts & Gifts",29,"books, periodicals, and newspapers",Books & newspapers,b,4.4,2558859.4010716937,112589.81364715453,0.0019983620903046063,5113.5276215212225,107476.28602563331,high,top 100,,4386.0,4024,485.6586363915736,2021-02-28,False,0,
84,41271931352,Ac Sem Ut Company,Technology & Media,16,"computers, computer peripheral equipment, and software",Computers & software,b,4.69,2388885.061921834,112038.70940413402,0.002333603289231294,5574.710038096295,106463.99936603772,high,top 100,,5103.0,4617,390.3345415351348,2021-02-28,False,0,
85,57699602880,Tellus Id Institute,"Hobbies, Arts & Gifts",30,"stationery, office supplies and printing and writing paper",Stationery & office,a,5.96,1991662.3100565146,118703.07367936827,0.0065488337854911595,13043.065425387473,105660.00825398079,high,top 100,,2234.0,2149,742.5581824647644,2021-02-28,False,0,
86,52959528548,Libero Et Limited,Home & Garden,12,"furniture, home furnishings and equipment shops, and manufacturers, except appliances",Furniture,c,1.94,5577701.395443315,108207.40707160029,0.0012307698655006707,6864.866796272672,101342.54027532764,high,top 100,,27471.0,16399,168.23557115956672,2021-02-28,False,0,
87,98269572896,Eget Laoreet Posuere PC,Home & Garden,13,"furniture, home furnishings and equipment shops, and manufacturers, except appliances",Furniture,b,3.59,2888069.9836553056,103681.71241322547,0.0013456478621101421,3886.325199130235,99795.38721409524,high,top 100,,29116.0,16823,82.54011933095624,2021-02-28,False,0,
88,18158387243,Nec Tellus Ltd,Fashion & Personal Care,14,health and beauty spas,Health & beauty spas,c,2.03,7229512.757904732,146759.10898546604,0.006545422204822167,47320.21333563478,99438.89564983129,high,top 100,,10569.0,8627,569.9159826337952,2021-02-28,False,0,0.2910241891640991
89,29616684420,Tellus Id LLC,Fashion & Personal Care,15,"watch, clock, and jewelry repair shops",Watch & jewellery repair,b,3.5,2931230.422024554,102593.06477085939,0.0013099610499599972,3839.7976813099704,98753.26708954942,high,top 100,,28653.0,16694,84.82300027682548,2021-02-28,False,0,
90,50315283629,Iaculis Aliquet Diam LLC,Home & Garden,14,"lawn and garden supply outlets, including nurseries",Lawn & garden,c,1.76,7472287.937073292,131512.26769248993,0.004878908778434223,36456.61121117503,95055.6564813149,high,top 100,,19354.0,13357,320.73647577333105,2021-02-28,False,0,0.2908815811960701
91,71528203369,Ipsum Primis Associates,Fashion & Personal Care,16,"watch, clock, and jewelry repair shops",Watch & jewellery repair,a,6.94,1376522.9861999322,95530.6952422753,0.0012328838380878575,1697.0929424423314,93833.60229983297,high,top 100,,20609.0,13910,55.400739298511816,2021-02-28,False,0,
92,92065881715,Quam Elementum Corp.,Fashion & Personal Care,17,"opticians, optical goods, and eyeglasses",Opticians,b,4.2,2290418.5758698643,96197.5801865343,0.0015928143187227328,3648.2115035140496,92549.36868302025,high,top 100,,5410.0,4833,352.7088901023416,2021-02-28,False,0,
93,98518649381,Nullam Scelerisque Neque Corp.,Home & Garden,15,"lawn and garden supply outlets, including nurseries",Lawn & garden,a,6.14,2860293.714585532,175622.03407555167,0.02979791914664009,85230.80084286253,90391.2332326891,high,top 100,,2417.0,2300,985.752335284868,2021-02-28,False,0,
94,28057731482,Dignissim Lacus PC,"Hobbies, Arts & Gifts",31,"music shops - musical instruments, pianos, and sheet music",Music shops,c,1.47,7221178.332812397,106151.32149234222,0.0023037926294269973,16636.097418911133,89515.22407343109,high,top 100,,8110.0,6926,741.775995676626,2021-02-28,False,0,
95,16288327194,A Neque LLC,Technology & Media,17,"computers, computer peripheral equipment, and software",Computers & software,a,6.92,1268796.5246884553,87800.7195084411,0.0018097746207416147,2296.2357492663277,85504.48375917478,high,top 100,,2383.0,2276,442.2801351696546,2021-02-28,False,0,
96,53126107676,Sed Neque Corporation,Home & Garden,16,"florists supplies, nursery stock, and flowers",Florists,b,4.2,2118143.815043748,88962.04023183741,0.001701561093486511,3604.1511060875296,85357.88912574989,high,top 100,,4698.0,4320,373.542528364822,2021-02-28,False,0,
97,45244796758,Vitae Dolor LLP,Technology & Media,18,"computer programming, data processing, and integrated systems design services",IT services,a,6.14,1419598.1858557977,87163.32861154598,0.0013347886744498054,1894.8635807498088,85268.46503079617,high,top 100,,5977.0,5298,197.14791280987325,2021-02-28,False,0,
98,89932674734,Nulla Vulputate Company,"Hobbies, Arts & Gifts",32,artist supply and craft shops,Artist supply & craft,c,1.67,5816328.906587057,97132.69274000384,0.00236462278159046,13753.423837738887,83379.26890226497,high,top 100,,11108.0,8911,434.9962873810434,2021-02-28,False,0,
99,38012560280,In Tempus Associates,Home & Garden,17,"florists supplies, nursery stock, and flowers",Florists,a,5.67,1473900.2263833978,83570.14283593865,0.001230709890678409,1813.943586483194,81756.19924945546,high,top 100,,5597.0,4990,218.47983050012544,2021-02-28,False,0,
100,75454398468,Tempus Non Lacinia Corporation,Outdoor & Auto,16,tent and awning shops,Tents & awnings,b,4.9,6250288.535764219,306264.1382524468,0.03596694372305282,224803.77601867387,81460.36223377287,high,top 100,,3856.0,3575,1341.7482042302513,2021-02-28,False,0,
